Ano,Semestre,Cód. Disciplina,Cód. Turma,Situação,%,Alunos,Professor,Cód. Curso,Curso
2021,1. Semestre,D320199,10,Aprovado,9,22,A512642218320,303,Engenharia Elétrica
2021,1. Semestre,D320199,10,Aprovado,9,22,A893683855461,303,Engenharia Elétrica
2021,1. Semestre,D320199,10,Aprovado,9,22,A380683888642,303,Engenharia Elétrica
2021,1. Semestre,D320199,10,Aprovado,9,22,A148855320200,303,Engenharia Elétrica
2021,1. Semestre,D320199,10,Aprovado,9,22,A855200218200,303,Engenharia Elétrica
2021,1. Semestre,D320199,10,Não Concl.,0,1,A512642218320,303,Engenharia Elétrica
2021,1. Semestre,D320199,10,Não Concl.,0,1,A893683855461,303,Engenharia Elétrica
2021,1. Semestre,D320199,10,Não Concl.,0,1,A380683888642,303,Engenharia Elétrica
2021,1. Semestre,D320199,10,Não Concl.,0,1,A148855320200,303,Engenharia Elétrica
2021,1. Semestre,D320199,10,Não Concl.,0,1,A855200218200,303,Engenharia Elétrica
2021,1. Semestre,D320199,10,Reprovado,10,24,A512642218320,303,Engenharia Elétrica
2021,1. Semestre,D320199,10,Reprovado,10,24,A893683855461,303,Engenharia Elétrica
2021,1. Semestre,D320199,10,Reprovado,10,24,A380683888642,303,Engenharia Elétrica
2021,1. Semestre,D320199,10,Reprovado,10,24,A148855320200,303,Engenharia Elétrica
2021,1. Semestre,D320199,10,Reprovado,10,24,A855200218200,303,Engenharia Elétrica
2021,1. Semestre,D320199,10,Tr.Parcial,0,1,A512642218320,303,Engenharia Elétrica
2021,1. Semestre,D320199,10,Tr.Parcial,0,1,A893683855461,303,Engenharia Elétrica
2021,1. Semestre,D320199,10,Tr.Parcial,0,1,A380683888642,303,Engenharia Elétrica
2021,1. Semestre,D320199,10,Tr.Parcial,0,1,A148855320200,303,Engenharia Elétrica
2021,1. Semestre,D320199,10,Tr.Parcial,0,1,A855200218200,303,Engenharia Elétrica
2021,1. Semestre,D320199,11,Aprovado,75,18,A218148855402,133,Química - Bacharelado
2021,1. Semestre,D320199,11,CancMatric,4,1,A218148855402,133,Química - Bacharelado
2021,1. Semestre,D320199,11,Dispensado,4,1,A218148855402,133,Química - Bacharelado
2021,1. Semestre,D320199,11,Não Concl.,4,1,A218148855402,133,Química - Bacharelado
2021,1. Semestre,D320199,11,Reprovado,13,3,A218148855402,133,Química - Bacharelado
2021,1. Semestre,D320199,11,Aprovado,100,18,A218148855402,110,Química Industrial
2021,1. Semestre,D320199,12,Aprovado,1,2,A148855320200,304,Engenharia Mecânica
2021,1. Semestre,D320199,12,Aprovado,1,2,A512642218320,304,Engenharia Mecânica
2021,1. Semestre,D320199,12,Aprovado,1,2,A893683855461,304,Engenharia Mecânica
2021,1. Semestre,D320199,12,Aprovado,1,2,A380683888642,304,Engenharia Mecânica
2021,1. Semestre,D320199,12,Aprovado,1,2,A855200218200,304,Engenharia Mecânica
2021,1. Semestre,D320199,12,CancMatric,1,2,A512642218320,304,Engenharia Mecânica
2021,1. Semestre,D320199,12,CancMatric,1,2,A893683855461,304,Engenharia Mecânica
2021,1. Semestre,D320199,12,CancMatric,1,2,A380683888642,304,Engenharia Mecânica
2021,1. Semestre,D320199,12,CancMatric,1,2,A148855320200,304,Engenharia Mecânica
2021,1. Semestre,D320199,12,CancMatric,1,2,A855200218200,304,Engenharia Mecânica
2021,1. Semestre,D320199,12,Dispensado,1,3,A512642218320,304,Engenharia Mecânica
2021,1. Semestre,D320199,12,Dispensado,1,3,A893683855461,304,Engenharia Mecânica
2021,1. Semestre,D320199,12,Dispensado,1,3,A380683888642,304,Engenharia Mecânica
2021,1. Semestre,D320199,12,Dispensado,1,3,A148855320200,304,Engenharia Mecânica
2021,1. Semestre,D320199,12,Dispensado,1,3,A855200218200,304,Engenharia Mecânica
2021,1. Semestre,D320199,12,Não Concl.,1,3,A512642218320,304,Engenharia Mecânica
2021,1. Semestre,D320199,12,Não Concl.,1,3,A893683855461,304,Engenharia Mecânica
2021,1. Semestre,D320199,12,Não Concl.,1,3,A380683888642,304,Engenharia Mecânica
2021,1. Semestre,D320199,12,Não Concl.,1,3,A148855320200,304,Engenharia Mecânica
2021,1. Semestre,D320199,12,Não Concl.,1,3,A855200218200,304,Engenharia Mecânica
2021,1. Semestre,D320199,12,Reprovado,16,40,A512642218320,304,Engenharia Mecânica
2021,1. Semestre,D320199,12,Reprovado,16,40,A893683855461,304,Engenharia Mecânica
2021,1. Semestre,D320199,12,Reprovado,16,40,A380683888642,304,Engenharia Mecânica
2021,1. Semestre,D320199,12,Reprovado,16,40,A148855320200,304,Engenharia Mecânica
2021,1. Semestre,D320199,12,Reprovado,16,40,A855200218200,304,Engenharia Mecânica
2021,1. Semestre,D320199,12,Tr.Parcial,0,1,A512642218320,304,Engenharia Mecânica
2021,1. Semestre,D320199,12,Tr.Parcial,0,1,A893683855461,304,Engenharia Mecânica
2021,1. Semestre,D320199,12,Tr.Parcial,0,1,A380683888642,304,Engenharia Mecânica
2021,1. Semestre,D320199,12,Tr.Parcial,0,1,A148855320200,304,Engenharia Mecânica
2021,1. Semestre,D320199,12,Tr.Parcial,0,1,A855200218200,304,Engenharia Mecânica
2021,1. Semestre,D320199,13,Aprovado,82,60,A292200218320,307,Ciência da Computação - Bacharelado
2021,1. Semestre,D320199,13,CancMatric,5,4,A292200218320,307,Ciência da Computação - Bacharelado
2021,1. Semestre,D320199,13,Reprovado,12,9,A292200218320,307,Ciência da Computação - Bacharelado
2021,1. Semestre,D320199,14,Aprovado,4,10,A512642218320,302,Engenharia Civil
2021,1. Semestre,D320199,14,Aprovado,4,10,A893683855461,302,Engenharia Civil
2021,1. Semestre,D320199,14,Aprovado,4,10,A380683888642,302,Engenharia Civil
2021,1. Semestre,D320199,14,Aprovado,4,10,A148855320200,302,Engenharia Civil
2021,1. Semestre,D320199,14,Aprovado,4,10,A855200218200,302,Engenharia Civil
2021,1. Semestre,D320199,14,CancMatric,0,1,A512642218320,302,Engenharia Civil
2021,1. Semestre,D320199,14,CancMatric,0,1,A893683855461,302,Engenharia Civil
2021,1. Semestre,D320199,14,CancMatric,0,1,A380683888642,302,Engenharia Civil
2021,1. Semestre,D320199,14,CancMatric,0,1,A148855320200,302,Engenharia Civil
2021,1. Semestre,D320199,14,CancMatric,0,1,A855200218200,302,Engenharia Civil
2021,1. Semestre,D320199,14,Dispensado,1,3,A512642218320,302,Engenharia Civil
2021,1. Semestre,D320199,14,Dispensado,1,3,A893683855461,302,Engenharia Civil
2021,1. Semestre,D320199,14,Dispensado,1,3,A380683888642,302,Engenharia Civil
2021,1. Semestre,D320199,14,Dispensado,1,3,A148855320200,302,Engenharia Civil
2021,1. Semestre,D320199,14,Dispensado,1,3,A855200218200,302,Engenharia Civil
2021,1. Semestre,D320199,14,Não Concl.,2,5,A512642218320,302,Engenharia Civil
2021,1. Semestre,D320199,14,Não Concl.,2,5,A893683855461,302,Engenharia Civil
2021,1. Semestre,D320199,14,Não Concl.,2,5,A380683888642,302,Engenharia Civil
2021,1. Semestre,D320199,14,Não Concl.,2,5,A148855320200,302,Engenharia Civil
2021,1. Semestre,D320199,14,Não Concl.,2,5,A855200218200,302,Engenharia Civil
2021,1. Semestre,D320199,14,Reprovado,12,31,A512642218320,302,Engenharia Civil
2021,1. Semestre,D320199,14,Reprovado,12,31,A893683855461,302,Engenharia Civil
2021,1. Semestre,D320199,14,Reprovado,12,31,A380683888642,302,Engenharia Civil
2021,1. Semestre,D320199,14,Reprovado,12,31,A148855320200,302,Engenharia Civil
2021,1. Semestre,D320199,14,Reprovado,12,31,A855200218200,302,Engenharia Civil
2021,1. Semestre,D320199,15,CancMatric,1,2,A512642218320,315,Curso de Engenharia Aeroespacial
2021,1. Semestre,D320199,15,Aprovado,11,29,A512642218320,315,Curso de Engenharia Aeroespacial
2021,1. Semestre,D320199,15,Aprovado,11,29,A893683855461,315,Curso de Engenharia Aeroespacial
2021,1. Semestre,D320199,15,Aprovado,11,29,A380683888642,315,Curso de Engenharia Aeroespacial
2021,1. Semestre,D320199,15,Aprovado,11,29,A148855320200,315,Curso de Engenharia Aeroespacial
2021,1. Semestre,D320199,15,Aprovado,11,29,A855200218200,315,Curso de Engenharia Aeroespacial
2021,1. Semestre,D320199,15,CancMatric,1,2,A893683855461,315,Curso de Engenharia Aeroespacial
2021,1. Semestre,D320199,15,CancMatric,1,2,A380683888642,315,Curso de Engenharia Aeroespacial
2021,1. Semestre,D320199,15,CancMatric,1,2,A148855320200,315,Curso de Engenharia Aeroespacial
2021,1. Semestre,D320199,15,CancMatric,1,2,A855200218200,315,Curso de Engenharia Aeroespacial
2021,1. Semestre,D320199,15,Não Concl.,0,1,A512642218320,315,Curso de Engenharia Aeroespacial
2021,1. Semestre,D320199,15,Não Concl.,0,1,A893683855461,315,Curso de Engenharia Aeroespacial
2021,1. Semestre,D320199,15,Não Concl.,0,1,A380683888642,315,Curso de Engenharia Aeroespacial
2021,1. Semestre,D320199,15,Não Concl.,0,1,A148855320200,315,Curso de Engenharia Aeroespacial
2021,1. Semestre,D320199,15,Não Concl.,0,1,A855200218200,315,Curso de Engenharia Aeroespacial
2021,1. Semestre,D320199,15,Reprovado,8,21,A512642218320,315,Curso de Engenharia Aeroespacial
2021,1. Semestre,D320199,15,Reprovado,8,21,A893683855461,315,Curso de Engenharia Aeroespacial
2021,1. Semestre,D320199,15,Reprovado,8,21,A380683888642,315,Curso de Engenharia Aeroespacial
2021,1. Semestre,D320199,15,Reprovado,8,21,A148855320200,315,Curso de Engenharia Aeroespacial
2021,1. Semestre,D320199,15,Reprovado,8,21,A855200218200,315,Curso de Engenharia Aeroespacial
2021,1. Semestre,D320199,16,Aprovado,53,29,A806200978642,316,Curso de Engenharia de Telecomunicações
2021,1. Semestre,D320199,16,CancMatric,4,2,A806200978642,316,Curso de Engenharia de Telecomunicações
2021,1. Semestre,D320199,16,Não Concl.,9,5,A806200978642,316,Curso de Engenharia de Telecomunicações
2021,1. Semestre,D320199,16,Reprovado,35,19,A806200978642,316,Curso de Engenharia de Telecomunicações
2021,1. Semestre,D320199,17,Dispensado,0,1,A893683855461,305,Engenharia Química
2021,1. Semestre,D320199,17,Aprovado,7,17,A512642218320,305,Engenharia Química
2021,1. Semestre,D320199,17,Aprovado,7,17,A893683855461,305,Engenharia Química
2021,1. Semestre,D320199,17,Aprovado,7,17,A380683888642,305,Engenharia Química
2021,1. Semestre,D320199,17,Aprovado,7,17,A148855320200,305,Engenharia Química
2021,1. Semestre,D320199,17,Aprovado,7,17,A855200218200,305,Engenharia Química
2021,1. Semestre,D320199,17,CancMatric,1,3,A512642218320,305,Engenharia Química
2021,1. Semestre,D320199,17,CancMatric,1,3,A893683855461,305,Engenharia Química
2021,1. Semestre,D320199,17,CancMatric,1,3,A380683888642,305,Engenharia Química
2021,1. Semestre,D320199,17,CancMatric,1,3,A148855320200,305,Engenharia Química
2021,1. Semestre,D320199,17,CancMatric,1,3,A855200218200,305,Engenharia Química
2021,1. Semestre,D320199,17,Dispensado,0,1,A512642218320,305,Engenharia Química
2021,1. Semestre,D320199,17,Dispensado,0,1,A380683888642,305,Engenharia Química
2021,1. Semestre,D320199,17,Dispensado,0,1,A148855320200,305,Engenharia Química
2021,1. Semestre,D320199,17,Dispensado,0,1,A855200218200,305,Engenharia Química
2021,1. Semestre,D320199,17,Não Concl.,2,5,A512642218320,305,Engenharia Química
2021,1. Semestre,D320199,17,Não Concl.,2,5,A893683855461,305,Engenharia Química
2021,1. Semestre,D320199,17,Não Concl.,2,5,A380683888642,305,Engenharia Química
2021,1. Semestre,D320199,17,Não Concl.,2,5,A148855320200,305,Engenharia Química
2021,1. Semestre,D320199,17,Não Concl.,2,5,A855200218200,305,Engenharia Química
2021,1. Semestre,D320199,17,Reprovado,9,21,A512642218320,305,Engenharia Química
2021,1. Semestre,D320199,17,Reprovado,9,21,A893683855461,305,Engenharia Química
2021,1. Semestre,D320199,17,Reprovado,9,21,A380683888642,305,Engenharia Química
2021,1. Semestre,D320199,17,Reprovado,9,21,A148855320200,305,Engenharia Química
2021,1. Semestre,D320199,17,Reprovado,9,21,A855200218200,305,Engenharia Química
2021,1. Semestre,D320199,18,Aprovado,6,2,A893683855461,109,Química - Licenciatura
2021,1. Semestre,D320199,18,CancMatric,6,2,A893683855461,109,Química - Licenciatura
2021,1. Semestre,D320199,18,Dispensado,3,1,A893683855461,109,Química - Licenciatura
2021,1. Semestre,D320199,18,Não Concl.,8,3,A893683855461,109,Química - Licenciatura
2021,1. Semestre,D320199,18,Reprovado,75,27,A893683855461,109,Química - Licenciatura
2021,1. Semestre,D320199,18,Tr.Parcial,3,1,A893683855461,109,Química - Licenciatura
2021,1. Semestre,D320199,19,Aprovado,41,25,A642946200380,402,Engenharia Florestal
2021,1. Semestre,D320199,19,Não Concl.,3,2,A642946200380,402,Engenharia Florestal
2021,1. Semestre,D320199,19,Reprovado,52,32,A642946200380,402,Engenharia Florestal
2021,1. Semestre,D320199,19,Tr.Parcial,3,2,A642946200380,402,Engenharia Florestal
2021,1. Semestre,D320199,50,Aprovado,100,1,A218148855402,302,Engenharia Civil
2021,1. Semestre,D320199,50,Aprovado,66,21,A218148855402,313,Curso de Engenharia de Produção
2021,1. Semestre,D320199,50,Dispensado,3,1,A218148855402,313,Curso de Engenharia de Produção
2021,1. Semestre,D320199,50,Não Concl.,9,3,A218148855402,313,Curso de Engenharia de Produção
2021,1. Semestre,D320199,50,Reprovado,22,7,A218148855402,313,Curso de Engenharia de Produção
2021,1. Semestre,D320199,50,Aprovado,100,1,A218148855402,311,Curso de Engenharia Acústica
2021,1. Semestre,D320199,50,Aprovado,100,2,A218148855402,305,Engenharia Química
2021,1. Semestre,D320199,50,Reprovado,100,1,A218148855402,315,Curso de Engenharia Aeroespacial
2021,2. Semestre,D320199,10,Aprovado,1,2,A512642218320,303,Engenharia Elétrica
2021,2. Semestre,D320199,10,Aprovado,1,2,A893683855461,303,Engenharia Elétrica
2021,2. Semestre,D320199,10,Aprovado,1,2,A380683888642,303,Engenharia Elétrica
2021,2. Semestre,D320199,10,Aprovado,1,2,A148855320200,303,Engenharia Elétrica
2021,2. Semestre,D320199,10,Aprovado,1,2,A855200218200,303,Engenharia Elétrica
2021,2. Semestre,D320199,10,Dispensado,1,3,A512642218320,303,Engenharia Elétrica
2021,2. Semestre,D320199,10,Dispensado,1,3,A893683855461,303,Engenharia Elétrica
2021,2. Semestre,D320199,10,Dispensado,1,3,A380683888642,303,Engenharia Elétrica
2021,2. Semestre,D320199,10,Dispensado,1,3,A148855320200,303,Engenharia Elétrica
2021,2. Semestre,D320199,10,Dispensado,1,3,A855200218200,303,Engenharia Elétrica
2021,2. Semestre,D320199,10,Não Concl.,0,1,A512642218320,303,Engenharia Elétrica
2021,2. Semestre,D320199,10,Não Concl.,0,1,A893683855461,303,Engenharia Elétrica
2021,2. Semestre,D320199,10,Não Concl.,0,1,A380683888642,303,Engenharia Elétrica
2021,2. Semestre,D320199,10,Não Concl.,0,1,A148855320200,303,Engenharia Elétrica
2021,2. Semestre,D320199,10,Não Concl.,0,1,A855200218200,303,Engenharia Elétrica
2021,2. Semestre,D320199,10,Reprovado,17,45,A512642218320,303,Engenharia Elétrica
2021,2. Semestre,D320199,10,Reprovado,17,45,A893683855461,303,Engenharia Elétrica
2021,2. Semestre,D320199,10,Reprovado,17,45,A380683888642,303,Engenharia Elétrica
2021,2. Semestre,D320199,10,Reprovado,17,45,A148855320200,303,Engenharia Elétrica
2021,2. Semestre,D320199,10,Reprovado,17,45,A855200218200,303,Engenharia Elétrica
2021,2. Semestre,D320199,10,Tr.Parcial,0,1,A512642218320,303,Engenharia Elétrica
2021,2. Semestre,D320199,10,Tr.Parcial,0,1,A893683855461,303,Engenharia Elétrica
2021,2. Semestre,D320199,10,Tr.Parcial,0,1,A380683888642,303,Engenharia Elétrica
2021,2. Semestre,D320199,10,Tr.Parcial,0,1,A148855320200,303,Engenharia Elétrica
2021,2. Semestre,D320199,10,Tr.Parcial,0,1,A855200218200,303,Engenharia Elétrica
2021,2. Semestre,D320199,11,Aprovado,2,5,A148855320200,312,Curso de Engenharia de Computação
2021,2. Semestre,D320199,11,Aprovado,2,5,A512642218320,312,Curso de Engenharia de Computação
2021,2. Semestre,D320199,11,Aprovado,2,5,A893683855461,312,Curso de Engenharia de Computação
2021,2. Semestre,D320199,11,Aprovado,2,5,A380683888642,312,Curso de Engenharia de Computação
2021,2. Semestre,D320199,11,Aprovado,2,5,A855200218200,312,Curso de Engenharia de Computação
2021,2. Semestre,D320199,11,CancMatric,3,6,A512642218320,312,Curso de Engenharia de Computação
2021,2. Semestre,D320199,11,CancMatric,3,6,A893683855461,312,Curso de Engenharia de Computação
2021,2. Semestre,D320199,11,CancMatric,3,6,A380683888642,312,Curso de Engenharia de Computação
2021,2. Semestre,D320199,11,CancMatric,3,6,A148855320200,312,Curso de Engenharia de Computação
2021,2. Semestre,D320199,11,CancMatric,3,6,A855200218200,312,Curso de Engenharia de Computação
2021,2. Semestre,D320199,11,Dispensado,2,4,A512642218320,312,Curso de Engenharia de Computação
2021,2. Semestre,D320199,11,Dispensado,2,4,A893683855461,312,Curso de Engenharia de Computação
2021,2. Semestre,D320199,11,Dispensado,2,4,A380683888642,312,Curso de Engenharia de Computação
2021,2. Semestre,D320199,11,Dispensado,2,4,A148855320200,312,Curso de Engenharia de Computação
2021,2. Semestre,D320199,11,Dispensado,2,4,A855200218200,312,Curso de Engenharia de Computação
2021,2. Semestre,D320199,11,Não Concl.,0,1,A512642218320,312,Curso de Engenharia de Computação
2021,2. Semestre,D320199,11,Não Concl.,0,1,A893683855461,312,Curso de Engenharia de Computação
2021,2. Semestre,D320199,11,Não Concl.,0,1,A380683888642,312,Curso de Engenharia de Computação
2021,2. Semestre,D320199,11,Não Concl.,0,1,A148855320200,312,Curso de Engenharia de Computação
2021,2. Semestre,D320199,11,Não Concl.,0,1,A855200218200,312,Curso de Engenharia de Computação
2021,2. Semestre,D320199,11,Reprovado,13,28,A512642218320,312,Curso de Engenharia de Computação
2021,2. Semestre,D320199,11,Reprovado,13,28,A893683855461,312,Curso de Engenharia de Computação
2021,2. Semestre,D320199,11,Reprovado,13,28,A380683888642,312,Curso de Engenharia de Computação
2021,2. Semestre,D320199,11,Reprovado,13,28,A148855320200,312,Curso de Engenharia de Computação
2021,2. Semestre,D320199,11,Reprovado,13,28,A855200218200,312,Curso de Engenharia de Computação
2021,2. Semestre,D320199,12,CancMatric,0,1,A148855320200,304,Engenharia Mecânica
2021,2. Semestre,D320199,12,Aprovado,0,1,A512642218320,304,Engenharia Mecânica
2021,2. Semestre,D320199,12,Aprovado,0,1,A893683855461,304,Engenharia Mecânica
2021,2. Semestre,D320199,12,Aprovado,0,1,A380683888642,304,Engenharia Mecânica
2021,2. Semestre,D320199,12,Aprovado,0,1,A148855320200,304,Engenharia Mecânica
2021,2. Semestre,D320199,12,Aprovado,0,1,A855200218200,304,Engenharia Mecânica
2021,2. Semestre,D320199,12,CancMatric,0,1,A512642218320,304,Engenharia Mecânica
2021,2. Semestre,D320199,12,CancMatric,0,1,A893683855461,304,Engenharia Mecânica
2021,2. Semestre,D320199,12,CancMatric,0,1,A380683888642,304,Engenharia Mecânica
2021,2. Semestre,D320199,12,CancMatric,0,1,A855200218200,304,Engenharia Mecânica
2021,2. Semestre,D320199,12,Dispensado,1,3,A512642218320,304,Engenharia Mecânica
2021,2. Semestre,D320199,12,Dispensado,1,3,A893683855461,304,Engenharia Mecânica
2021,2. Semestre,D320199,12,Dispensado,1,3,A380683888642,304,Engenharia Mecânica
2021,2. Semestre,D320199,12,Dispensado,1,3,A148855320200,304,Engenharia Mecânica
2021,2. Semestre,D320199,12,Dispensado,1,3,A855200218200,304,Engenharia Mecânica
2021,2. Semestre,D320199,12,Não Concl.,0,1,A512642218320,304,Engenharia Mecânica
2021,2. Semestre,D320199,12,Não Concl.,0,1,A893683855461,304,Engenharia Mecânica
2021,2. Semestre,D320199,12,Não Concl.,0,1,A380683888642,304,Engenharia Mecânica
2021,2. Semestre,D320199,12,Não Concl.,0,1,A148855320200,304,Engenharia Mecânica
2021,2. Semestre,D320199,12,Não Concl.,0,1,A855200218200,304,Engenharia Mecânica
2021,2. Semestre,D320199,12,Reprovado,18,43,A512642218320,304,Engenharia Mecânica
2021,2. Semestre,D320199,12,Reprovado,18,43,A893683855461,304,Engenharia Mecânica
2021,2. Semestre,D320199,12,Reprovado,18,43,A380683888642,304,Engenharia Mecânica
2021,2. Semestre,D320199,12,Reprovado,18,43,A148855320200,304,Engenharia Mecânica
2021,2. Semestre,D320199,12,Reprovado,18,43,A855200218200,304,Engenharia Mecânica
2021,2. Semestre,D320199,13,Aprovado,68,30,A888402148380,313,Curso de Engenharia de Produção
2021,2. Semestre,D320199,13,CancMatric,7,3,A888402148380,313,Curso de Engenharia de Produção
2021,2. Semestre,D320199,13,Dispensado,7,3,A888402148380,313,Curso de Engenharia de Produção
2021,2. Semestre,D320199,13,Não Concl.,2,1,A888402148380,313,Curso de Engenharia de Produção
2021,2. Semestre,D320199,13,Reprovado,16,7,A888402148380,313,Curso de Engenharia de Produção
2021,2. Semestre,D320199,14,Dispensado,1,2,A855200218200,302,Engenharia Civil
2021,2. Semestre,D320199,14,Aprovado,3,7,A512642218320,302,Engenharia Civil
2021,2. Semestre,D320199,14,Aprovado,3,7,A893683855461,302,Engenharia Civil
2021,2. Semestre,D320199,14,Aprovado,3,7,A380683888642,302,Engenharia Civil
2021,2. Semestre,D320199,14,Aprovado,3,7,A148855320200,302,Engenharia Civil
2021,2. Semestre,D320199,14,Aprovado,3,7,A855200218200,302,Engenharia Civil
2021,2. Semestre,D320199,14,Dispensado,1,2,A512642218320,302,Engenharia Civil
2021,2. Semestre,D320199,14,Dispensado,1,2,A893683855461,302,Engenharia Civil
2021,2. Semestre,D320199,14,Dispensado,1,2,A380683888642,302,Engenharia Civil
2021,2. Semestre,D320199,14,Dispensado,1,2,A148855320200,302,Engenharia Civil
2021,2. Semestre,D320199,14,Reprovado,16,38,A512642218320,302,Engenharia Civil
2021,2. Semestre,D320199,14,Reprovado,16,38,A893683855461,302,Engenharia Civil
2021,2. Semestre,D320199,14,Reprovado,16,38,A380683888642,302,Engenharia Civil
2021,2. Semestre,D320199,14,Reprovado,16,38,A148855320200,302,Engenharia Civil
2021,2. Semestre,D320199,14,Reprovado,16,38,A855200218200,302,Engenharia Civil
2021,2. Semestre,D320199,15,Reprovado,16,27,A855200218200,310,Curso Engenharia de Controle e Automação
2021,2. Semestre,D320199,15,Aprovado,1,2,A512642218320,310,Curso Engenharia de Controle e Automação
2021,2. Semestre,D320199,15,Aprovado,1,2,A893683855461,310,Curso Engenharia de Controle e Automação
2021,2. Semestre,D320199,15,Aprovado,1,2,A380683888642,310,Curso Engenharia de Controle e Automação
2021,2. Semestre,D320199,15,Aprovado,1,2,A148855320200,310,Curso Engenharia de Controle e Automação
2021,2. Semestre,D320199,15,Aprovado,1,2,A855200218200,310,Curso Engenharia de Controle e Automação
2021,2. Semestre,D320199,15,CancMatric,1,1,A512642218320,310,Curso Engenharia de Controle e Automação
2021,2. Semestre,D320199,15,CancMatric,1,1,A893683855461,310,Curso Engenharia de Controle e Automação
2021,2. Semestre,D320199,15,CancMatric,1,1,A380683888642,310,Curso Engenharia de Controle e Automação
2021,2. Semestre,D320199,15,CancMatric,1,1,A148855320200,310,Curso Engenharia de Controle e Automação
2021,2. Semestre,D320199,15,CancMatric,1,1,A855200218200,310,Curso Engenharia de Controle e Automação
2021,2. Semestre,D320199,15,Dispensado,2,3,A512642218320,310,Curso Engenharia de Controle e Automação
2021,2. Semestre,D320199,15,Dispensado,2,3,A893683855461,310,Curso Engenharia de Controle e Automação
2021,2. Semestre,D320199,15,Dispensado,2,3,A380683888642,310,Curso Engenharia de Controle e Automação
2021,2. Semestre,D320199,15,Dispensado,2,3,A148855320200,310,Curso Engenharia de Controle e Automação
2021,2. Semestre,D320199,15,Dispensado,2,3,A855200218200,310,Curso Engenharia de Controle e Automação
2021,2. Semestre,D320199,15,Não Concl.,1,1,A512642218320,310,Curso Engenharia de Controle e Automação
2021,2. Semestre,D320199,15,Não Concl.,1,1,A893683855461,310,Curso Engenharia de Controle e Automação
2021,2. Semestre,D320199,15,Não Concl.,1,1,A380683888642,310,Curso Engenharia de Controle e Automação
2021,2. Semestre,D320199,15,Não Concl.,1,1,A148855320200,310,Curso Engenharia de Controle e Automação
2021,2. Semestre,D320199,15,Não Concl.,1,1,A855200218200,310,Curso Engenharia de Controle e Automação
2021,2. Semestre,D320199,15,Reprovado,16,27,A512642218320,310,Curso Engenharia de Controle e Automação
2021,2. Semestre,D320199,15,Reprovado,16,27,A893683855461,310,Curso Engenharia de Controle e Automação
2021,2. Semestre,D320199,15,Reprovado,16,27,A380683888642,310,Curso Engenharia de Controle e Automação
2021,2. Semestre,D320199,15,Reprovado,16,27,A148855320200,310,Curso Engenharia de Controle e Automação
2021,2. Semestre,D320199,16,Aprovado,3,5,A512642218320,314,Bacharelado em Sistemas de Informação
2021,2. Semestre,D320199,16,Aprovado,3,5,A893683855461,314,Bacharelado em Sistemas de Informação
2021,2. Semestre,D320199,16,Aprovado,3,5,A380683888642,314,Bacharelado em Sistemas de Informação
2021,2. Semestre,D320199,16,Aprovado,3,5,A148855320200,314,Bacharelado em Sistemas de Informação
2021,2. Semestre,D320199,16,Aprovado,3,5,A855200218200,314,Bacharelado em Sistemas de Informação
2021,2. Semestre,D320199,16,Dispensado,2,3,A512642218320,314,Bacharelado em Sistemas de Informação
2021,2. Semestre,D320199,16,Dispensado,2,3,A893683855461,314,Bacharelado em Sistemas de Informação
2021,2. Semestre,D320199,16,Dispensado,2,3,A380683888642,314,Bacharelado em Sistemas de Informação
2021,2. Semestre,D320199,16,Dispensado,2,3,A148855320200,314,Bacharelado em Sistemas de Informação
2021,2. Semestre,D320199,16,Dispensado,2,3,A855200218200,314,Bacharelado em Sistemas de Informação
2021,2. Semestre,D320199,16,Não Concl.,1,1,A512642218320,314,Bacharelado em Sistemas de Informação
2021,2. Semestre,D320199,16,Não Concl.,1,1,A893683855461,314,Bacharelado em Sistemas de Informação
2021,2. Semestre,D320199,16,Não Concl.,1,1,A380683888642,314,Bacharelado em Sistemas de Informação
2021,2. Semestre,D320199,16,Não Concl.,1,1,A148855320200,314,Bacharelado em Sistemas de Informação
2021,2. Semestre,D320199,16,Não Concl.,1,1,A855200218200,314,Bacharelado em Sistemas de Informação
2021,2. Semestre,D320199,16,Reprovado,15,24,A512642218320,314,Bacharelado em Sistemas de Informação
2021,2. Semestre,D320199,16,Reprovado,15,24,A893683855461,314,Bacharelado em Sistemas de Informação
2021,2. Semestre,D320199,16,Reprovado,15,24,A380683888642,314,Bacharelado em Sistemas de Informação
2021,2. Semestre,D320199,16,Reprovado,15,24,A148855320200,314,Bacharelado em Sistemas de Informação
2021,2. Semestre,D320199,16,Reprovado,15,24,A855200218200,314,Bacharelado em Sistemas de Informação
2021,2. Semestre,D320199,17,Aprovado,56,18,A394200218642,305,Engenharia Química
2021,2. Semestre,D320199,17,CancMatric,9,3,A394200218642,305,Engenharia Química
2021,2. Semestre,D320199,17,Dispensado,6,2,A394200218642,305,Engenharia Química
2021,2. Semestre,D320199,17,Não Concl.,6,2,A394200218642,305,Engenharia Química
2021,2. Semestre,D320199,17,Reprovado,22,7,A394200218642,305,Engenharia Química
2021,2. Semestre,D320199,18,Aprovado,26,10,A218148855402,311,Curso de Engenharia Acústica
2021,2. Semestre,D320199,18,CancMatric,5,2,A218148855402,311,Curso de Engenharia Acústica
2021,2. Semestre,D320199,18,Não Concl.,3,1,A218148855402,311,Curso de Engenharia Acústica
2021,2. Semestre,D320199,18,Reprovado,67,26,A218148855402,311,Curso de Engenharia Acústica
2021,2. Semestre,D320199,19,Aprovado,40,12,A642946200380,402,Engenharia Florestal
2021,2. Semestre,D320199,19,Dispensado,3,1,A642946200380,402,Engenharia Florestal
2021,2. Semestre,D320199,19,Reprovado,53,16,A642946200380,402,Engenharia Florestal
2021,2. Semestre,D320199,19,Tr.Parcial,3,1,A642946200380,402,Engenharia Florestal
2021,2. Semestre,D320199,20,Aprovado,9,3,A292200218320,309,Curso de Engenharia Sanitária e Ambiental
2021,2. Semestre,D320199,20,CancMatric,3,1,A292200218320,309,Curso de Engenharia Sanitária e Ambiental
2021,2. Semestre,D320199,20,Dispensado,3,1,A292200218320,309,Curso de Engenharia Sanitária e Ambiental
2021,2. Semestre,D320199,20,Não Concl.,3,1,A292200218320,309,Curso de Engenharia Sanitária e Ambiental
2021,2. Semestre,D320199,20,Reprovado,82,27,A292200218320,309,Curso de Engenharia Sanitária e Ambiental
2021,2. Semestre,D320199,T50REA,Aprovado,59,13,A292200218320,305,Engenharia Química
2021,2. Semestre,D320199,T50REA,Reprovado,41,9,A292200218320,305,Engenharia Química
2021,2. Semestre,D320199,T50REA,Aprovado,33,1,A292200218320,315,Curso de Engenharia Aeroespacial
2021,2. Semestre,D320199,T50REA,Reprovado,67,2,A292200218320,315,Curso de Engenharia Aeroespacial
2022,1. Semestre,D320199,10,Aprovado,17,9,A380683888642,303,Engenharia Elétrica
2022,1. Semestre,D320199,10,CancMatric,4,2,A380683888642,303,Engenharia Elétrica
2022,1. Semestre,D320199,10,Dispensado,2,1,A380683888642,303,Engenharia Elétrica
2022,1. Semestre,D320199,10,Não Concl.,2,1,A380683888642,303,Engenharia Elétrica
2022,1. Semestre,D320199,10,Repr.Freq,25,13,A380683888642,303,Engenharia Elétrica
2022,1. Semestre,D320199,10,Reprovado,48,25,A380683888642,303,Engenharia Elétrica
2022,1. Semestre,D320199,10,Tr.Parcial,2,1,A380683888642,303,Engenharia Elétrica
2022,1. Semestre,D320199,11,Aprovado,14,3,A681200461218,110,Química Industrial
2022,1. Semestre,D320199,11,CancMatric,5,1,A681200461218,110,Química Industrial
2022,1. Semestre,D320199,11,Repr.Freq,14,3,A681200461218,110,Química Industrial
2022,1. Semestre,D320199,11,Reprovado,57,12,A681200461218,110,Química Industrial
2022,1. Semestre,D320199,11,Tr.Parcial,10,2,A681200461218,110,Química Industrial
2022,1. Semestre,D320199,11,Aprovado,5,1,A681200461218,133,Química - Bacharelado
2022,1. Semestre,D320199,11,CancMatric,10,2,A681200461218,133,Química - Bacharelado
2022,1. Semestre,D320199,11,Repr.Freq,25,5,A681200461218,133,Química - Bacharelado
2022,1. Semestre,D320199,11,Reprovado,50,10,A681200461218,133,Química - Bacharelado
2022,1. Semestre,D320199,11,Tr.Parcial,10,2,A681200461218,133,Química - Bacharelado
2022,1. Semestre,D320199,12,Aprovado,47,20,AP681402512218,304,Engenharia Mecânica
2022,1. Semestre,D320199,12,CancMatric,5,2,AP681402512218,304,Engenharia Mecânica
2022,1. Semestre,D320199,12,Reprovado,49,21,AP681402512218,304,Engenharia Mecânica
2022,1. Semestre,D320199,13,Aprovado,46,21,A946200380642,307,Ciência da Computação - Bacharelado
2022,1. Semestre,D320199,13,CancMatric,2,1,A946200380642,307,Ciência da Computação - Bacharelado
2022,1. Semestre,D320199,13,Dispensado,2,1,A946200380642,307,Ciência da Computação - Bacharelado
2022,1. Semestre,D320199,13,Repr.Freq,20,9,A946200380642,307,Ciência da Computação - Bacharelado
2022,1. Semestre,D320199,13,Reprovado,30,14,A946200380642,307,Ciência da Computação - Bacharelado
2022,1. Semestre,D320199,14,Reprovado,8,4,A380200380642,302,Engenharia Civil
2022,1. Semestre,D320199,14,Aprovado,82,40,A380200380642,302,Engenharia Civil
2022,1. Semestre,D320199,14,CancMatric,2,1,A380200380642,302,Engenharia Civil
2022,1. Semestre,D320199,14,Dispensado,2,1,A380200380642,302,Engenharia Civil
2022,1. Semestre,D320199,14,Repr.Freq,6,3,A380200380642,302,Engenharia Civil
2022,1. Semestre,D320199,15,Aprovado,53,28,A642946200380,315,Curso de Engenharia Aeroespacial
2022,1. Semestre,D320199,15,CancMatric,11,6,A642946200380,315,Curso de Engenharia Aeroespacial
2022,1. Semestre,D320199,15,Dispensado,4,2,A642946200380,315,Curso de Engenharia Aeroespacial
2022,1. Semestre,D320199,15,Repr.Freq,9,5,A642946200380,315,Curso de Engenharia Aeroespacial
2022,1. Semestre,D320199,15,Reprovado,21,11,A642946200380,315,Curso de Engenharia Aeroespacial
2022,1. Semestre,D320199,15,Tr.Parcial,2,1,A642946200380,315,Curso de Engenharia Aeroespacial
2022,1. Semestre,D320199,16,Aprovado,4,4,A888402148380,316,Curso de Engenharia de Telecomunicações
2022,1. Semestre,D320199,16,Aprovado,4,4,AP681402512218,316,Curso de Engenharia de Telecomunicações
2022,1. Semestre,D320199,16,CancMatric,9,9,A888402148380,316,Curso de Engenharia de Telecomunicações
2022,1. Semestre,D320199,16,CancMatric,9,9,AP681402512218,316,Curso de Engenharia de Telecomunicações
2022,1. Semestre,D320199,16,Dispensado,1,1,A888402148380,316,Curso de Engenharia de Telecomunicações
2022,1. Semestre,D320199,16,Dispensado,1,1,AP681402512218,316,Curso de Engenharia de Telecomunicações
2022,1. Semestre,D320199,16,Não Concl.,2,2,A888402148380,316,Curso de Engenharia de Telecomunicações
2022,1. Semestre,D320199,16,Não Concl.,2,2,AP681402512218,316,Curso de Engenharia de Telecomunicações
2022,1. Semestre,D320199,16,Repr.Freq,9,9,A888402148380,316,Curso de Engenharia de Telecomunicações
2022,1. Semestre,D320199,16,Repr.Freq,9,9,AP681402512218,316,Curso de Engenharia de Telecomunicações
2022,1. Semestre,D320199,16,Reprovado,25,26,A888402148380,316,Curso de Engenharia de Telecomunicações
2022,1. Semestre,D320199,16,Reprovado,25,26,AP681402512218,316,Curso de Engenharia de Telecomunicações
2022,1. Semestre,D320199,17,Aprovado,29,23,AP681402512218,305,Engenharia Química
2022,1. Semestre,D320199,17,Aprovado,29,23,A218148855402,305,Engenharia Química
2022,1. Semestre,D320199,17,CancMatric,1,1,AP681402512218,305,Engenharia Química
2022,1. Semestre,D320199,17,CancMatric,1,1,A218148855402,305,Engenharia Química
2022,1. Semestre,D320199,17,Dispensado,1,1,AP681402512218,305,Engenharia Química
2022,1. Semestre,D320199,17,Dispensado,1,1,A218148855402,305,Engenharia Química
2022,1. Semestre,D320199,17,Repr.Freq,6,5,AP681402512218,305,Engenharia Química
2022,1. Semestre,D320199,17,Repr.Freq,6,5,A218148855402,305,Engenharia Química
2022,1. Semestre,D320199,17,Reprovado,12,9,AP681402512218,305,Engenharia Química
2022,1. Semestre,D320199,17,Reprovado,12,9,A218148855402,305,Engenharia Química
2022,1. Semestre,D320199,18,Reprovado,64,21,AP806642512402,109,Química - Licenciatura
2022,1. Semestre,D320199,18,Aprovado,30,10,AP806642512402,109,Química - Licenciatura
2022,1. Semestre,D320199,18,CancMatric,6,2,AP806642512402,109,Química - Licenciatura
2022,1. Semestre,D320199,19,Aprovado,35,13,A642946200380,402,Engenharia Florestal
2022,1. Semestre,D320199,19,CancMatric,8,3,A642946200380,402,Engenharia Florestal
2022,1. Semestre,D320199,19,Repr.Freq,22,8,A642946200380,402,Engenharia Florestal
2022,1. Semestre,D320199,19,Reprovado,32,12,A642946200380,402,Engenharia Florestal
2022,1. Semestre,D320199,19,Tr.Parcial,3,1,A642946200380,402,Engenharia Florestal
2022,1. Semestre,D320199,20,Aprovado,57,17,AP806642512402,123,Física - Bacharelado
2022,1. Semestre,D320199,20,Não Concl.,3,1,AP806642512402,123,Física - Bacharelado
2022,1. Semestre,D320199,20,Reprovado,40,12,AP806642512402,123,Física - Bacharelado
2022,1. Semestre,D320199,50,Aprovado,10,2,A380200380642,303,Engenharia Elétrica
2022,1. Semestre,D320199,50,Reprovado,86,18,A380200380642,303,Engenharia Elétrica
2022,1. Semestre,D320199,50,Tr.Parcial,5,1,A380200380642,303,Engenharia Elétrica
2022,1. Semestre,D320199,50,Reprovado,100,1,A380200380642,305,Engenharia Química
2022,1. Semestre,D320199,50,Reprovado,100,1,A380200380642,311,Curso de Engenharia Acústica
2022,2. Semestre,D320199,10,Aprovado,16,7,P855200218,303,Engenharia Elétrica
2022,2. Semestre,D320199,10,Dispensado,4,2,P855200218,303,Engenharia Elétrica
2022,2. Semestre,D320199,10,Repr.Freq,29,13,P855200218,303,Engenharia Elétrica
2022,2. Semestre,D320199,10,Reprovado,51,23,P855200218,303,Engenharia Elétrica
2022,2. Semestre,D320199,11,Aprovado,23,14,A292200218320,312,Curso de Engenharia de Computação
2022,2. Semestre,D320199,11,Dispensado,2,1,A292200218320,312,Curso de Engenharia de Computação
2022,2. Semestre,D320199,11,Repr.Freq,41,25,A292200218320,312,Curso de Engenharia de Computação
2022,2. Semestre,D320199,11,Reprovado,33,20,A292200218320,312,Curso de Engenharia de Computação
2022,2. Semestre,D320199,11,Tr.Parcial,2,1,A292200218320,312,Curso de Engenharia de Computação
2022,2. Semestre,D320199,13,Aprovado,15,5,A681200461218,313,Curso de Engenharia de Produção
2022,2. Semestre,D320199,13,Dispensado,6,2,A681200461218,313,Curso de Engenharia de Produção
2022,2. Semestre,D320199,13,Repr.Freq,70,23,A681200461218,313,Curso de Engenharia de Produção
2022,2. Semestre,D320199,13,Reprovado,9,3,A681200461218,313,Curso de Engenharia de Produção
2022,2. Semestre,D320199,14,Reprovado,22,11,A380200380642,302,Engenharia Civil
2022,2. Semestre,D320199,14,Aprovado,37,19,A380200380642,302,Engenharia Civil
2022,2. Semestre,D320199,14,Dispensado,4,2,A380200380642,302,Engenharia Civil
2022,2. Semestre,D320199,14,Repr.Freq,37,19,A380200380642,302,Engenharia Civil
2022,2. Semestre,D320199,15,Aprovado,28,10,AP681402512218,310,Curso Engenharia de Controle e Automação
2022,2. Semestre,D320199,15,Dispensado,6,2,AP681402512218,310,Curso Engenharia de Controle e Automação
2022,2. Semestre,D320199,15,Repr.Freq,31,11,AP681402512218,310,Curso Engenharia de Controle e Automação
2022,2. Semestre,D320199,15,Reprovado,36,13,AP681402512218,310,Curso Engenharia de Controle e Automação
2022,2. Semestre,D320199,16,Aprovado,23,10,MÁICON FACCO,314,Bacharelado em Sistemas de Informação
2022,2. Semestre,D320199,16,CancMatric,2,1,MÁICON FACCO,314,Bacharelado em Sistemas de Informação
2022,2. Semestre,D320199,16,Dispensado,2,1,MÁICON FACCO,314,Bacharelado em Sistemas de Informação
2022,2. Semestre,D320199,16,Repr.Freq,47,20,MÁICON FACCO,314,Bacharelado em Sistemas de Informação
2022,2. Semestre,D320199,16,Reprovado,23,10,MÁICON FACCO,314,Bacharelado em Sistemas de Informação
2022,2. Semestre,D320199,16,Tr.Parcial,2,1,MÁICON FACCO,314,Bacharelado em Sistemas de Informação
2022,2. Semestre,D320199,17,Aprovado,17,18,A380683888642,304,Engenharia Mecânica
2022,2. Semestre,D320199,17,Aprovado,17,18,AP292200218888,304,Engenharia Mecânica
2022,2. Semestre,D320199,17,CancMatric,1,1,A380683888642,304,Engenharia Mecânica
2022,2. Semestre,D320199,17,CancMatric,1,1,AP292200218888,304,Engenharia Mecânica
2022,2. Semestre,D320199,17,Dispensado,3,3,A380683888642,304,Engenharia Mecânica
2022,2. Semestre,D320199,17,Dispensado,3,3,AP292200218888,304,Engenharia Mecânica
2022,2. Semestre,D320199,17,Repr.Freq,10,10,A380683888642,304,Engenharia Mecânica
2022,2. Semestre,D320199,17,Repr.Freq,10,10,AP292200218888,304,Engenharia Mecânica
2022,2. Semestre,D320199,17,Reprovado,19,20,A380683888642,304,Engenharia Mecânica
2022,2. Semestre,D320199,17,Reprovado,19,20,AP292200218888,304,Engenharia Mecânica
2022,2. Semestre,D320199,17,Aprovado,67,24,AP292200218888,305,Engenharia Química
2022,2. Semestre,D320199,17,Dispensado,3,1,AP292200218888,305,Engenharia Química
2022,2. Semestre,D320199,17,Não Concl.,3,1,AP292200218888,305,Engenharia Química
2022,2. Semestre,D320199,17,Repr.Freq,17,6,AP292200218888,305,Engenharia Química
2022,2. Semestre,D320199,17,Reprovado,11,4,AP292200218888,305,Engenharia Química
2022,2. Semestre,D320199,18,Aprovado,28,8,B200380461148,311,Curso de Engenharia Acústica
2022,2. Semestre,D320199,18,Não Concl.,3,1,B200380461148,311,Curso de Engenharia Acústica
2022,2. Semestre,D320199,18,Repr.Freq,48,14,B200380461148,311,Curso de Engenharia Acústica
2022,2. Semestre,D320199,18,Reprovado,14,4,B200380461148,311,Curso de Engenharia Acústica
2022,2. Semestre,D320199,18,Tr.Parcial,7,2,B200380461148,311,Curso de Engenharia Acústica
2022,2. Semestre,D320199,19,Dispensado,6,1,A292200218320,402,Engenharia Florestal
2022,2. Semestre,D320199,19,Aprovado,11,2,A292200218320,402,Engenharia Florestal
2022,2. Semestre,D320199,19,Repr.Freq,50,9,A292200218320,402,Engenharia Florestal
2022,2. Semestre,D320199,19,Reprovado,33,6,A292200218320,402,Engenharia Florestal
2022,2. Semestre,D320199,20,Aprovado,41,17,A394200218642,309,Curso de Engenharia Sanitária e Ambiental
2022,2. Semestre,D320199,20,Dispensado,2,1,A394200218642,309,Curso de Engenharia Sanitária e Ambiental
2022,2. Semestre,D320199,20,Repr.Freq,29,12,A394200218642,309,Curso de Engenharia Sanitária e Ambiental
2022,2. Semestre,D320199,20,Reprovado,27,11,A394200218642,309,Curso de Engenharia Sanitária e Ambiental
2022,2. Semestre,D320199,50,Reprovado,100,2,A292200218320,305,Engenharia Química
2022,2. Semestre,D320199,50,Aprovado,67,2,A292200218320,307,Ciência da Computação - Bacharelado
2022,2. Semestre,D320199,50,Reprovado,33,1,A292200218320,307,Ciência da Computação - Bacharelado
2022,2. Semestre,D320199,50,Não Concl.,100,1,A292200218320,316,Curso de Engenharia de Telecomunicações
2022,2. Semestre,D320199,50,Aprovado,100,1,A292200218320,315,Curso de Engenharia Aeroespacial
